{
  "model_name": "RandomForestClassifier",
  "version": "v2-recovered",
  "random_state": 42,
  "target": "Membership_upgrade",
  "trained_at_utc": "2026-03-05T14:00:17.601580+00:00",
  "feature_count": 26,
  "metrics": {
    "accuracy": 0.825,
    "pr_auc": 0.6678894402149829,
    "roc_auc": 0.799565059804277,
    "test_rows": 360,
    "train_rows": 1440,
    "positive_rate": 0.25833333333333336,
    "max_precision": 1.0,
    "max_recall": 1.0
  }
}